jahr;von;bis;status;name;wert
2020;20200101;20201231;offen;anlage_betrag;10000.0
2020;20200101;20201231;offen;vola_aktien;0.1
2021;20210101;20211231;offen;anlage_betrag;9041.21024694135
2021;20210101;20211231;offen;vola_aktien;0.1
2022;20220101;20221231;offen;anlage_betrag;9082.732582380251
2022;20220101;20221231;offen;vola_aktien;0.1
