jahr;name;wert
2020;verschiebung;0.002343916326816539
2021;verschiebung;0.0008622392140168354
2022;verschiebung;-0.002997617245125568
